first_name,last_name,longitude,latitude,city,gender
Jacenta,Chasmar,16.2304168,50.4333399,Kudowa-Zdrój,Female
Heidi,Allsupp,125.5763557,8.7706603,Tungao,Female
Dennie,Jori,121.9715,-8.5261,Lokolande,Male
Rickey,McCane,117.9249002,35.8939566,Shentong,Male
Jessamine,Caselli,21.7183695,43.5409901,Aleksinac,Female
Gonzales,Choldcroft,-80.817935,35.3328119,Charlotte,Male
Dyana,Sieve,-8.129315,41.5725857,Penelas,Female
Waldemar,Egdell,31.3141291,-2.6343036,Biharamulo,Male
Selby,Duddan,-72.4169377,18.7338573,Cabaret,Male
Jaquenetta,Schneider,24.0317249,56.907241,Mārupe,Female
Rafaellle,Litterick,36.8206064,49.4931107,Verbivka,Male
Maurise,Tuminini,116.799278,26.656649,Junkou,Male
Adeline,Warbey,83.119824,52.824354,Topchikha,Female
Elvira,Salliss,46.9776352,51.2291266,Pushkino,Female
Frederica,Chetham,125.3867985,11.1138152,Balangiga,Female
Franchot,Prier,96.9309771,3.6085862,Dukoh,Male
Manda,MacGillespie,-101.5027855,20.0980577,El Salitre,Female
Codie,Baty,5.3102505,9.2394244,Mokwa,Male
Franny,Melluish,-71.2166838,-33.6861588,Melipilla,Female
Rochelle,Cleal,17.9494929,59.4048322,Kista,Female
Alva,Kamien,-7.9526065,41.4112348,Mondim de Basto,Male
Luis,Veck,111.8568586,37.2425649,Sanxi,Non-binary
Birgitta,Gartin,120.506155,37.540621,Xiadingjia,Female
Jeffrey,Leuty,-72.2690204,46.4005111,Bécancour,Male
Dorthea,Poynzer,-74.9245946,39.7968818,Damiku,Female
Curry,Ruperti,17.04046,53.36381,Złotów,Male
Clyde,Frascone,34.844675,32.162413,Herzliyya,Male
Wendye,Paddell,124.5403,-8.1654,Wahawaha,Female
Darbee,McAw,57.6063694,-20.3707241,Cluny,Male
Rhodia,Dytham,116.0886704,-1.7505747,Kuaro,Female
Barbi,Stiegers,15.290983,56.196934,Ronneby,Female
Ly,Boig,124.5350175,7.1774408,Glad,Male
Allister,Worham,101.3431058,24.4752847,Yuewan,Polygender
Penni,Steptow,-74.024773,4.917531,Cajicá,Female
Myles,Blenkinship,-80.6576623,-1.0469378,Montecristi,Male
Dieter,Jerdan,110.971573,30.406007,Duzhenwan,Male
Siffre,Barizeret,121.261886,28.650072,Huangyan,Male
Sascha,Haly,37.9666901,48.0459557,Makiyivka,Male
Zackariah,Kubyszek,-52.4622155,-23.0821226,Paranavaí,Genderqueer
Janenna,Cortese,104.100502,-1.259553,Simpang,Female
Wit,Burgne,4.6419648,52.3811357,Haarlem,Male
Justino,Moulding,90.253717,29.274384,Partang,Male
Neysa,Beaven,-64.6184657,18.4286115,Road Town,Female
Elinore,Ingerson,23.7282719,41.5728211,Gotse Delchev,Bigender
Mayer,Drysdale,122.4,44.26667,Bor Ondor,Male
Skip,Klas,-6.1822287,53.3788495,Dungarvan,Male
Pablo,Cambling,97.725376,16.2584167,Mudon,Male
Benito,Raycroft,109.1642208,13.8565034,Tuy Phước,Male
Nedda,Valero,-69.6892254,-15.2159658,Vilque Chico,Female
Lilly,Pawels,43.7557983,40.8428562,Marmashen,Female
Paulie,Nairns,21.8949682,52.6057865,Sokółka,Female
Merv,Espinet,111.1384418,-6.7836529,Mantingantengah,Male
Charleen,Vango,-38.5349814,-3.7600304,Fortaleza,Female
Rudolf,McCahey,-99.8375158,50.2477455,Minnedosa,Male
Stacy,Cuddon,-74.8273184,8.7463586,Sucre,Male
Rolf,Thaim,-8.6729604,41.2658376,Vilar do Pinheiro,Male
Hale,Woodcroft,5.6944757,49.5048872,Longwy,Male
Marie-jeanne,Haskayne,22.8015705,41.1670464,Drosáto,Female
Rickard,Pirt,18.0899315,59.334679,Stockholm,Male
Halsy,Mingardi,113.916509,22.483182,Chakou,Male
Bear,Bugdell,24.498407,58.4286125,Sauga,Male
Corney,Sibbet,107.434768,-6.3967343,Kujang,Male
Shandra,Gillfillan,108.5671,-7.1311,Pahing Jalatrang,Female
Martainn,Keymer,112.7875,-6.9876,Ketampak,Male
Vernon,Casina,111.5617354,-6.6939179,Terjan,Male
Desmond,Meneer,109.607675,25.783198,Sanjiang,Male
Leodora,Pinckstone,114.0409,-7.7474,Krajan Battal,Female
Cicely,Clampe,125.6500276,5.9201411,Caburan,Female
Libbi,Olcot,106.476211,29.471977,Xinshancun,Female
Geoffry,Komorowski,-8.9867835,38.6606177,Alto de São Sebastião,Male
Allx,Franken,113.264385,23.12911,Guanghou,Female
Sidonia,Gleave,92.5796162,55.9562612,Ovsyanka,Female
Rivy,Bentham,-79.3894938,43.6623015,Toronto,Polygender
Yevette,Blackall,27.5304357,64.8923524,Utajärvi,Female
Kale,Tomowicz,120.00922,30.779444,Miaoxi,Male
Findlay,Trevillion,35.8334494,9.1860402,Gimbi,Non-binary
Frederic,O'Carran,-113.41857,49.71671,Fort Macleod,Male
Teddie,Palley,140.7867576,38.5731807,Uenohara,Female
Aurelie,Dilon,-84.3857442,30.4649282,Tallahassee,Female
Lela,Leggott,-72.831906,5.768717,Tópaga,Female
Bennie,Groveham,-90.764589,14.52309,Ciudad Vieja,Male
Maribelle,Warrington,104.4901728,10.381909,Hà Tiên,Female
Maible,Levet,6.0360933,49.4941103,Kayl,Female
Tiffie,Mundy,44.8558231,53.8628256,Issa,Polygender
Isaiah,Quakley,112.5721881,-7.1550291,Gresik,Male
Son,Croxton,112.861196,-7.1476205,Dlemer,Male
Rosabel,Chubb,123.6833344,12.0166664,Malbug,Female
Skell,Vatini,129.20776,42.22609,Musan-ŭp,Male
Martha,Burnage,-49.652299,-27.2313338,Rio do Sul,Genderfluid
Pepillo,Ben,106.7289847,-6.663164,Sinarwangi,Male
Bobbe,Grzelczak,44.6810797,40.2676183,Akunk’,Female
Mill,Hankins,113.609286,33.437877,Wuyang,Male
Claiborn,Southern,-78.4478594,-7.8236568,Charat,Male
Rodney,Crosetto,129.591591,44.596097,Aimin,Agender
Kelbee,Miettinen,35.258613,32.81236,Kafr Mandā,Male
Ikey,Ilyuchyov,-84.3857442,33.9253024,Atlanta,Agender
Bartholomeo,Aleksahkin,-78.8458135,-2.7389977,Azogues,Male
Gib,Fielders,20.2934524,48.2166359,Ózd,Male
Ronnie,Bunting,4.8002333,7.7906768,Ilare,Polygender
Carmelita,Falco,45.4674656,13.9625642,Az Zāhir,Female
Moshe,Cordero,67.0720012,30.726207,Qila Abdullāh,Male
Vanya,Rubens,119.572183,-5.018945,Jadho,Female
Darelle,Auguste,139.5530816,35.6958419,Kamirenjaku,Female
Danyette,Longea,123.18754,47.335654,Chagang,Female
Charis,Zanolli,106.0375673,-6.4092325,Rancabugel,Female
Zorine,Wisson,106.7985107,-6.1425043,Jembatandua,Female
Immanuel,Conway,107.47506,38.17979,Oljoq,Male
Carlotta,Gatesman,103.364905,23.396201,Mengzhai,Female
Lindie,Baynton,82.3234843,28.154453,Tulsīpur,Female
Tonie,Shekle,37.8684926,55.2067999,Kashirskoye,Female
Hyacinthie,Yuryichev,104.848829,29.830962,Shuangshipu,Female
Carry,Crichmer,102.2575235,15.1805822,Non Sung,Female
David,Rundall,130.9966131,33.7150937,Yukuhashi,Male
Goran,Andreutti,6.2541216,49.8117449,Beaufort,Agender
Boniface,Prydden,24.7853017,52.2041343,Antopal’,Agender
Emlyn,Toupe,131.0797172,-1.3516263,Seget,Genderqueer
Ainslee,Lockyer,17.3756941,49.0333308,Nedakonice,Female
Roy,Tithacott,14.162184,56.0247998,Kristianstad,Male
Avivah,MacIlhargy,40.70806,53.31611,Staroyur’yevo,Female
Vassili,Miquelet,124.7568082,8.5131518,Alae,Male
Cori,Sabater,81.318189,43.977331,Dadamtu,Female
Kristan,Flippelli,116.299392,28.002198,Fubei,Female
Burty,Attfield,-56.4076059,-24.5253253,Guayaybi,Male
Merilyn,Van der Daal,20.7734253,50.689856,Pierzchnica,Female
Marje,Fitzer,23.5462738,50.9190109,Wojsławice,Female
Fredericka,Menary,101.0259275,1.3031434,Petani,Female
Hayley,De Morena,121.1457666,14.2038203,Prinza,Female
Chloris,Macilhench,112.007114,27.716826,Chayuan,Female
Joycelin,Okill,126.637515,45.597839,Pengfang,Genderqueer
Tirrell,Gooderham,4.3686291,43.8317876,Avignon,Male
Latashia,Mehmet,-58.5074331,-34.5332237,Libertad,Female
Donny,Matushevich,28.1804515,-25.8542944,Pretoria,Male
Lorrin,Kulicke,38.9796562,55.7227702,Likino-Dulevo,Female
Josselyn,Meeny,24.3394019,57.0684709,Ādaži,Female
Ros,Jancic,47.7403034,40.6236168,Geoktschai,Female
Clive,Siddle,-67.719871,10.2891838,Mariara,Male
Joanna,Clears,85.1824498,52.5264066,Mitrofanovka,Female
Tome,Vivians,50.3456762,51.8614971,Perelyub,Male
Nari,Nozzolii,-41.5612423,-20.1217728,Lajinha,Genderfluid
Donnamarie,Warricker,-38.5276456,-3.9715688,Itaitinga,Female
Edlin,Sammonds,-8.5863716,41.5608072,Souto,Male
Reena,Betts,106.3438891,10.3765284,Mỹ Thọ,Female
Tuck,Moorfield,10.1591213,5.9630513,Bamenda,Male
Joni,Guerrieri,-74.466667,-12.883333,Caja,Non-binary
Birgit,Barhims,-75.349545,7.579029,Cáceres,Polygender
Leona,Betancourt,-108.00135,52.0668,Biggar,Female
Jacinda,Nazair,120.754,-10.0396,Palamadu,Genderfluid
Balduin,Keeri,2.8814002,49.2272998,Levallois-Perret,Male
Sabra,McCrann,36.5904759,53.286578,Mtsensk,Female
Ann-marie,Kyttor,-64.3479781,-33.1341591,Alejandro Roca,Female
Keith,Saker,-72.1579033,19.6990411,Quartier Morin,Male
Renado,Koeppe,19.665565,49.896113,Stanisław Dolny,Male
Anastassia,O'Doran,23.2996379,41.2130334,Koímisi,Female
Julita,Warton,23.499468,38.2990998,Asopía,Female
Godart,Sango,41.0822359,11.7367959,Dubti,Male
Carly,Batterham,37.58435,48.738967,Kramators’k,Female
Hersh,Catto,109.667164,28.90499,Duishan,Male
Tessa,Tyson,-58.2177722,-33.5339107,Dolores,Female
Lyndy,Magnar,106.947666,10.6340856,Phước An,Female
Jo-anne,Chartman,35.191041,32.254578,Dayr Sharaf,Female
Berget,Eleshenar,-86.2666463,39.8494377,Indianapolis,Female
Annadiane,Featherstonhaugh,100.464947,14.4050979,Bang Ban,Female
Alika,Liston,44.7710122,42.1102695,Zhinvali,Female
Elva,Kintzel,26.1862067,-29.1110188,Bloemfontein,Agender
Vittoria,Seville,-47.8103238,-21.1704008,Ribeirão Preto,Female
Orren,Geroldini,16.6118082,53.1620102,Szydłowo,Male
Kirstin,Jenson,34.905759,31.375657,Ar Ramāḑīn,Female
Valry,Chapelhow,106.161173,25.954126,Longmiao,Female
Minda,Kinnear,112.794065,22.251924,Taishang,Female
Wilmar,Birchall,20.0395965,50.1045321,Jeziorany,Male
Kelvin,Durdy,97.910792,35.083703,Zhalinghu,Male
Verne,Mayo,112.7271303,-7.7629501,Purwosari,Male
Even,Freiburger,18.8632124,52.1899235,Olszówka,Male
Natty,Taillard,-58.5069115,-34.6093426,Gualeguaychú,Female
Gwendolin,Hardwidge,100.592145,7.193611,Phatthalung,Female
Peggi,Lackington,112.0574774,-7.837207,Curahklapa,Female
Olga,Van Hove,-76.9611991,38.9187037,Washington,Female
Temp,O'Grogane,22.7793914,44.1425014,Novo Selo,Male
Lincoln,Surgeoner,108.244145,28.099239,Chaodi,Male
Neilla,Diwell,107.5740101,-6.9379894,Sumurnanjung,Female
Eleonore,Dresse,2.3881323,48.7525724,Orly,Genderfluid
Abra,Batcock,106.1286901,-6.5633157,Kadurahayu,Female
Mahmud,Shilladay,16.3374996,56.9846069,Mönsterås,Male
Giffer,Rookes,-82.53,27.96,Tampa,Male
Sophronia,Gooderson,115.831498,40.912921,Chicheng,Female
Minette,McMonnies,13.6083989,56.1138556,Tyringe,Female
Aubrie,Blitzer,17.1607682,54.3786241,Dębnica Kaszubska,Female
Una,Leonard,-7.6154835,41.0677716,Granja do Tedo,Female
Tull,De Giovanni,21.8957589,43.3209022,Niš,Male
Harv,Dericut,47.2752844,14.4670027,Ar Rawḑah,Male
Fidole,Connal,137.4502378,36.8830175,Ueki,Male
Cooper,Eilhertsen,-46.5547852,-1.0762009,Augusto Corrêa,Male
Rossy,Dyet,16.9851229,48.9580793,Hovorany,Genderfluid
Darnall,Bromfield,111.245751,-6.8392705,Ronggo,Male
Nonie,Rubee,7.9797219,7.1809842,Ochobo,Bigender
Janetta,Kinnach,-58.5278307,-34.6104702,Alta Gracia,Female
Vilma,Remington,20.9163887,41.9236371,Bogovinje,Female
Lannie,Liccardo,-8.7836111,39.8595809,Vale da Pedra,Male
Page,Maxworthy,21.8827302,50.564305,Grębów,Male
Quinton,Connock,-47.8451996,-23.3549445,Tatuí,Male
Bernadene,De Wolfe,108.0198557,-7.3804443,Salawu,Female
Vincent,Honnicott,36.0941795,32.0608187,Zarqa,Male
Rickert,Borleace,110.336609,-7.5273,Bancak Wetan,Male
Darla,Horlick,14.2988193,50.2614833,Nelahozeves,Female
Cori,Piccard,39.6794042,56.5005833,Yur’yev-Pol’skiy,Female
Lelia,Schult,89.2318904,23.063993,Kesabpur,Non-binary
Gayler,Mountfort,20.6475673,44.874,Pančevo,Male
Cammy,Leaman,125.602355,9.6470386,Placer,Bigender
Bettine,Coogan,100.435347,33.288467,Marzhing,Female
Mira,Winchester,-71.0768076,46.0466966,Adstock,Female
Sig,Gooddie,113.625328,34.746611,Zongzhai,Male
Chris,Brine,118.882455,26.272008,Xiaoruo,Male
Joseito,Chantillon,44.8157566,40.5684068,Ddmashen,Male
Wynny,Cornforth,-78.7589558,21.8405365,Ciego de Ávila,Female
Fritz,Frunks,-90.9087455,14.8857071,San José Poaquil,Male
Rupert,Wisniewski,112.851831,35.490701,Jincheng,Male
Richart,Dunsire,119.141473,28.074649,Longquan,Agender
Robinet,Staines,41.6252,51.0969,Novokhopërsk,Male
Jonathon,Morrel,-4.2051476,6.6486989,Bongouanou,Male
Roslyn,Brunning,-114.4678603,51.1909883,Cochrane,Female
Juliet,Holdron,121.395538,49.571196,Wu’erqihan,Female
Perle,Heditch,-73.393617,7.761063,San Alberto,Female
Eileen,Went,111.591546,-6.6975748,Balongmulyo,Female
Stefano,Shenton,89.220664,29.169486,Layu,Male
Judd,Paulin,39.6777217,46.4482967,Kislyakovskaya,Male
Rachele,Elman,133.4608333,-4.0180556,Karawatu,Female
Gwenore,Barszczewski,-46.7705781,-13.0331624,Campos Belos,Genderqueer
Antonia,Napthine,107.0351315,34.5724074,Shuangbaiyang,Female
Hobart,Boichat,17.2054874,48.1722347,Bratislava,Male
Latrena,Maddern,112.825447,-6.9940246,Perreng,Female
Oralia,Basketter,12.3864842,41.8647615,Roma,Female
Jemima,Drepp,112.5394091,-8.0916546,Ngajum,Female
Lisabeth,Wellstood,2.2458778,48.589056,Arpajon,Female
Darrell,Kowalski,45.1243099,43.6753017,Znamenskoye,Male
Brandon,Keilty,101.640078,3.1035814,Petaling Jaya,Male
Vittoria,Hardway,114.5465571,31.038781,Mi’ersi,Female
Arabel,Oliva,6.798413,11.01088,Sofo-Birnin-Gwari,Polygender
Frederigo,Metzing,140.6675584,38.1861536,Ono,Male
Sullivan,Petzolt,111.5438491,-7.7995142,Kradinan,Male
Milt,Dungay,122.0616469,6.919884,Zamboanga,Male
Casper,Gilchrest,169.97967,10.21972,Ailuk,Polygender
Kirbie,Fielder,124.0019,-9.6239,Huelkail,Female
Valle,Stinchcombe,-58.5577501,-34.6795558,Almafuerte,Male
Andris,Georghiou,-96.937016,32.6901244,Dallas,Male
Haydon,Klimkin,-6.4396888,6.8883341,Daloa,Male
Kassie,Aust,123.170569,40.479895,Pianling,Female
Enrika,Flemyng,121.341969,30.741991,Jinshan,Female
Ursuline,Torritti,-73.8394482,45.6181396,Boisbriand,Female
Jude,Klauer,96.2283035,5.2362218,Kota Trieng,Male
Calley,Amis,-80.109357,-0.7140022,Chone,Female
Sid,Giuroni,-48.6550692,-26.8947924,Navegantes,Male
Ulrika,Plumbley,40.9436341,57.7758077,Kalinovskaya,Female
Emmalee,Smelley,-52.7241914,-24.2670414,Boa Esperança,Female
Cody,Huffy,50.1706415,58.7113992,Slobodskoy,Male
Jeffie,Volcker,21.1565786,52.0882644,Konstancin-Jeziorna,Male
Liva,Reinbech,106.5701927,-7.1221059,Cihaur,Female
Tamma,Alelsandrowicz,113.106055,23.342031,Tanbu,Female
Norman,Steiner,175.5482901,-40.2458577,Kawakawa,Male
Gaylord,Englishby,116.2804288,-8.7872653,Tanakawu Dua,Male
Keane,Wollers,-99.1476908,19.3803931,Independencia,Male
Zared,Bullar,140.4015949,38.4898826,Yuzawa,Male
Waldemar,Harrema,45.95,-24.333333,Amboasary,Male
Phyllida,Bichard,-99.1400807,19.710125,Melchor Ocampo,Female
Margo,Dikle,111.866667,-7.266667,Gudang,Female
Carmon,Astlett,25.2708919,60.3763373,Nickby,Female
Jaimie,Hawley,22.1027541,49.8856487,Błażowa,Agender
Kerrie,Vivash,109.768451,25.130594,Jiuxian,Bigender
Corissa,Weyman,123.5781,-10.1628,Lai Lai Bisi Kopan,Female
Jillayne,Rottcher,-9.448724,51.680591,Bantry,Female
Ewell,Anan,67.9933369,26.6416058,Moro,Male
Cheslie,Greenless,109.7680967,-7.6629639,Jembangan,Genderfluid
Tanny,Trawin,121.5697251,18.0699396,Alannay,Male
Zared,Sheran,18.09998,53.84455,Czarna Woda,Male
Janella,Gapp,55.0242519,25.867345,Abū Mūsā,Female
Hewe,Karpfen,0.6942885,47.3892142,Tours,Male
Mora,Bullon,117.3011656,27.1574303,Jukui,Female
Cassius,Ramard,14.0286944,50.4848926,Čížkovice,Male
Berk,Goodacre,-74.64532,9.27682,Cicuco,Bigender
Margaretta,Denizet,47.5220901,43.2721945,Sulak,Female
Agnese,Haggata,16.9295441,45.9724452,Višnjevac,Female
Blanca,Giacomuzzi,107.8731968,-6.9927364,Nagrog,Female
Arlan,Copcott,21.71667,60.68333,Vinkkilä,Male
Karena,Kattenhorn,25.0182231,35.2970392,Tílisos,Female
Fancie,Banbrick,15.5568691,63.8536621,Strömsund,Female
Heinrik,Petrichat,30.3046289,-30.9348444,Margate,Male
Stillmann,Billsberry,123.8501765,9.6356686,Totolan,Male
Silvia,Deabill,-23.563922,15.0286165,São Domingos,Female
Gerti,Forsey,126.0415372,10.0342937,Santa Monica,Female
Hamlen,Stanesby,114.133531,22.2100066,Sok Kwu Wan,Agender
Rutledge,Jacmard,119.3008339,26.0890415,Shanjie,Genderqueer
Emilee,Lycett,29.9769441,-19.6771093,Shurugwi,Female
Donetta,Ceresa,35.1599957,32.9520318,Kafir Yasif,Female
Ransell,Braxay,68.1863546,26.9105097,Bhiria,Male
Layney,Aymer,111.782745,29.978663,Yanglinshi,Female
Silvia,Connett,7.0328812,51.4780256,Essen,Female
Adella,Aitchison,22.9056677,52.5652013,Dziadkowice,Female
Tobey,Gland,57.6864138,-20.1494006,Laventure,Female
Jaye,Redman,24.2141442,41.1734791,Kallífytos,Male
Darryl,Hitter,103.267142,23.714316,Kaiyuan,Male
Ignaz,Leeburn,17.7681327,45.3218651,Viškovci,Male
Shanan,Sandham,121.87093,36.977145,Xiaoguan,Male
Corina,Coppock.,-42.5901672,-3.6988282,Matias Olímpio,Female
Normie,Biggs,102.6711427,25.0518977,Dianwan,Male
Natka,Fulstow,7.4839022,47.6329545,Saint-Louis,Female
Rowan,Poltone,121.095594,30.603546,Zhapu,Male
Sandy,Jurries,-40.4657826,-18.4943258,Nova Venécia,Male
Christine,Tweedlie,121.536152,31.34778,Caozhen,Female
Sloane,Grealey,-66.8521565,10.378758,Baruta,Male
Gilda,Campos,26.2192689,60.4627094,Lovisa,Female
Ellswerth,Sunshine,121.0589081,14.7596318,San Vicente,Male
Casar,Mensler,52.8205515,29.878738,Marvdasht,Male
Orlando,Slisby,123.821694,9.623809,Tabalong,Male
Ole,Binden,28.7847456,47.0302849,Floreşti,Male
Lorri,Van Waadenburg,-64.4126487,-20.1060273,Azurduy,Female
Jenica,Sherel,-41.9559233,-18.8549317,Governador Valadares,Female
Toddie,Robers,70.47298,38.04119,Qal‘ah-ye Kūf,Male
Noah,Kennler,100.2625222,16.75245,Sap Yai,Male
Conant,Jaquin,120.0265654,31.848499,Yangzi Jianglu,Male
Anders,Normavill,9.4266475,51.2804955,Kassel,Male
Royce,Markovich,123.710098,-10.3023,Baun,Male
Auberta,Peak,12.8316075,55.9118986,Landskrona,Female
Inness,MacQuaker,36.3240107,49.8338541,Vasyshcheve,Male
Odetta,Scurrey,-54.4801558,-27.8706817,Santa Rosa,Female
Beverlee,Busby,60.4807823,56.9191069,Shuvakish,Polygender
Amble,Glanville,110.359368,21.270702,Shanjiang,Male
Vittorio,MacKessock,-75.16,39.95,Philadelphia,Male
Miller,Lambertson,-70.7075503,19.8084176,El Peñón,Bigender
Elonore,Worsnup,100.771419,27.677091,Luoshui,Female
Gustaf,Lathom,168.3273245,-17.7332512,Port-Vila,Male
Zacharie,Johnsee,42.2880059,2.3390467,Baardheere,Genderfluid
Storm,Fudge,17.5377636,49.1226502,Topolná,Female
Kelcey,Heaffey,-79.796898,-4.581521,Jilili,Female
Sunshine,Wimsett,104.782196,34.786179,Yuanyang Zhen,Female
Efrem,Issatt,7.214993,43.66004,Nice,Male
Agnes,Rablan,125.0275818,8.2540261,Impalutao,Female
Van,Collman,111.4126837,-6.7761721,Mlawat,Female
Robenia,Wandrey,121.3971642,31.3483956,Gucun,Female
Ursulina,Ricardon,96.2,47.5,Ögöömör,Female
Thom,Barnewall,44.68504,14.29496,Zakhim,Male
Carissa,de Villier,21.1242667,41.4666138,Пласница,Female
Elijah,Rubie,107.913127,27.788371,Tuxi,Male
Garnet,Mettericke,18.8801942,52.8388233,Nieszawa,Female
Holly,Lilleyman,5.8855505,44.346784,Carcassonne,Male
Roxana,Lembrick,89.7853218,25.0830926,Jamālpur,Female
Sonny,Thomason,-73.28833,6.4360112,Socorro,Male
Brad,Kalinsky,125.6018728,7.0540231,Candelaria,Male
Raimondo,Tubble,7.8107621,47.9963155,Freiburg im Breisgau,Non-binary
Cybil,Chettle,21.4208548,40.99259,Demir Hisar,Female
Briggs,Brolly,117.95891,33.895566,Qinshi,Male
Sondra,Rhymer,27.10086,-26.7109399,Potchefstroom,Female
Sanderson,Veall,124.1114621,-9.7040122,Liliana,Male
Lewes,Feacham,116.46662,39.896995,Shuangjing,Male
Andria,Balm,12.4867883,43.9704382,Serravalle,Female
Mia,Catenot,-58.6057651,-34.3998126,La Cruz,Female
Andrus,Pietrowicz,140.3012172,38.7496144,Matsumoto,Male
Si,Roderighi,-65.7193442,-21.4382195,Tupiza,Male
Carlynne,Martensen,-86.466667,14.033333,El Benque,Female
Justinian,Eke,124.7826,1.205329,Kawangkoan,Male
Audrey,Flaws,-75.542888,2.384507,Gigante,Female
Traci,Rizzetti,108.4869555,11.1506898,Chợ Lầu,Female
Patti,Amerighi,116.4442945,39.9368237,Yangjia,Female
Humbert,Debrett,119.526925,35.416734,Rizhao,Male
Skippy,Weare,113.5282081,-7.1274078,Trasak,Male
Nels,Mellonby,106.8502879,-6.5211331,Sentul,Male
Derward,Kimbley,44.5352163,39.9716709,Mrgavan,Male
Rodolph,Stobbart,15.5073987,46.5399962,Ruše,Male
Brenden,Canellas,-8.6009313,41.5175253,Quintães,Male
Ginevra,Erdis,24.472416,48.6299901,Bytkiv,Female
Carolann,Mahmood,140.4069331,36.905485,Ueda,Bigender
Barnie,Algate,24.7458579,43.5370504,Gulyantsi,Male
Lenard,Grayshan,113.234549,23.2905,Jianggao,Male
Diahann,Dhenin,90.944621,53.0475258,Beya,Genderfluid
Elli,Aucourte,115.2431682,-8.6610802,Melati,Female
Kirbee,Wissbey,106.6232359,-6.147133,Neglasari,Bigender
Kevyn,Dadley,-72.814792,6.343847,Onzaga,Female
Lisle,Scorah,43.1585921,56.2533676,Volodarsk,Male
Mart,Colvill,-46.9513691,-23.0931156,Louveira,Male
Napoleon,Theriot,121.9113216,13.271157,Daykitin,Male
Barret,Capner,-113.5832367,52.675914,Ponoka,Genderfluid
Rozanne,Spieck,116.0761121,5.9840985,Kota Kinabalu,Female
Stefan,Feavearyear,106.724426,26.604594,Yunyan,Male
Norris,Moreno,111.647609,39.921095,Qingshuihe,Male
Cassey,Joderli,113.814606,22.636828,Huangtian,Female
Jonathon,Beloe,111.920465,36.266914,Guxian,Genderfluid
Tome,Mammatt,121.3963702,31.1707547,Shuiyin,Male
Martin,Thoms,56.655672,60.0043226,Krasnovishersk,Non-binary
Sandy,Dufoure,37.621698,55.86328,Otradnoye,Male
Michail,Abramov,113.111612,22.560473,Jianghai,Male
Almire,Moultrie,13.3809361,50.1806728,Vroutek,Female
Jeni,Trevain,-75.730957,5.341352,Quinchía,Female
Aurelia,Ahlin,102.05,45.95,Mardzad,Female
Annadiane,Phillot,58.3260629,37.9600766,Ashgabat,Female
Marius,Lippiatt,106.8030892,-6.6409658,Pamoyanan,Male
Bald,Geraudel,121.0504535,14.3679657,San Pedro,Male
Upton,Westby,79.897291,7.047967,Kandana,Genderqueer
Anderson,Pieroni,15.8936224,-0.4829632,Owando,Non-binary
Benjie,Northbridge,110.674706,30.199688,Wufeng,Male
Juditha,MacHostie,102.521807,35.202503,Xunhe,Female
Wyatan,Jantot,12.7364962,32.7630282,Zawiya,Male
Creigh,Candlin,-8.5116903,32.8285457,Sidi Smaïl,Male
Susan,Lovejoy,106.7813363,-6.2852298,Cisaro,Female
Taite,Heintze,19.8905149,41.2860336,Gurra e Vogël,Male
Gwenora,Bummfrey,108.893327,40.634244,Xishanzui,Female
Alexandros,Swafield,38.856404,45.674028,Primorsko-Akhtarsk,Male
Darcy,Sanper,114.4108587,-1.4580748,Kenyau,Male
Frazer,Elies,20.2713072,31.6774341,Sulūq,Male
Paul,Congram,5.9480686,49.6154055,Garnich,Male
Zeke,Hustings,106.9506175,-6.939897,Cibeureum,Male
Kristopher,Piens,-35.9369952,-8.5769332,Cupira,Male
Ignacius,Loughran,116.474285,39.949597,Yiqian,Male
Patrick,Orsay,109.667164,28.90499,Duishan,Male
Linus,Colvill,-75.508016,-11.8532073,Paccha,Male
Valaria,Silversmid,124.005,11.1619,Panognawan,Female
Bealle,Glenfield,35.69999,31.18248,Qīr Moāv,Male
Teddi,Campes,62.3447815,27.3526033,Sarāvān,Female
Tiffy,Raithby,-46.8486857,-23.9145043,Embu Guaçu,Genderqueer
Nydia,Tappington,24.9459851,48.1662009,Verkhniy Yasenov,Female
Sean,Grassot,110.6422198,-7.355927,Kebonan,Female
Hermione,Geely,82.502677,41.781418,Kizil,Female
Sharity,Schieferstein,-72.317793,19.6808413,Acul du Nord,Female
Pamela,Georgievski,26.6500845,50.3339731,Netishyn,Female
Carlynn,Smidmoor,-8.7098337,38.696249,Foros do Trapo,Female
Teri,McIlhatton,107.1071,-6.2335134,Cibitung,Female
Wini,Klempke,16.7861155,49.1656853,Blažovice,Female
Twila,McGavin,121.030159,28.188157,Qiancang,Female
Hadria,Stevens,-55.9209171,-27.3782073,Apóstoles,Female
Julissa,Lloyd,-104.3624353,50.444953,White City,Female
Jaquelin,Pottie,120.6947551,31.3115396,Jinji,Female
Afton,Insoll,174.9497836,-37.1954967,Pukekohe East,Female
Alexandre,Noury,-59.0746886,-37.3130297,Arroyo Seco,Male
Meagan,Dupoy,105.4771084,-5.5844754,Sidomulyo,Female
Karel,Draude,-57.5938573,-38.0123723,San Antonio,Female
Mikkel,Isakovic,104.195397,35.86166,Suchen,Male
Franklyn,Charlin,113.8911914,-8.1022828,Cumedak,Male
Hussein,Dowles,13.7026399,66.9443405,Grimstad,Male
Hyacinthie,Heningham,119.578364,34.199479,Xiangshui,Female
Celestina,Bezley,30.9967709,63.3030414,Inari,Female
Willetta,Iveans,21.03111,41.58806,Srbica,Agender
Gaspard,Couvert,106.6143944,-6.267562,Medang,Male
Geoffry,Swatheridge,15.9914362,49.9555247,Chroustovice,Male
Chrissie,Eyrl,108.906994,34.158997,Chang’an,Male
Shane,Tidy,110.4498687,51.3592968,Khilok,Female
Nicolea,Hanna,123.7154023,13.1554369,Binitayan,Female
Audie,Buckleigh,111.4723041,-6.8187311,Gunem,Female
Weber,Iori,90.908217,29.820745,Luoxiong,Male
Leanor,Brunn,-15.9053689,14.8038531,Mbaké,Female
Georgy,Baalham,98.1120116,2.298952,Danauparis,Male
Hannah,Woolway,43.50993,13.26831,Mawza‘,Female
Obie,Blazewicz,-74.466667,-12.883333,Caja,Male
Mickie,Rime,115.2807951,-6.8775205,Duko,Female
Riva,Jaggs,11.3771496,8.8928524,Jalingo,Female
Corbin,Cream,116.0761121,5.9840985,Kota Kinabalu,Male
Winnie,Brakewell,11.0332618,45.4934392,Verona,Female
Rafe,Parlet,106.574271,29.606703,Jiangbei,Male
Roxie,Lidgely,121.869339,29.476705,Xiangshun,Female
Ange,Dellow,25.5195451,29.2031708,Siwa Oasis,Male
Sallyanne,Jehaes,-9.1788304,11.4148113,Siguiri,Female
Leigh,Johnston,113.751799,23.020673,Donggu,Male
Alisha,Laurisch,105.1668326,9.9044207,Minh Lương,Polygender
Lowell,Jeacock,-78.0452048,-7.816461,Huamachuco,Male
Eugen,Lumsdall,4.0675057,48.294118,Troyes,Male
Ody,Heckle,16.826031,52.4368772,Trzebiatów,Male
Abbie,Cheasman,122.4438929,-8.463483,Parumaan,Female
Benedikt,Garlicke,-75.47,40.6,Allentown,Male
Bronnie,Coulthard,118.886931,42.25785,Chikeng,Male
Gill,Riddett,110.447063,-6.9818839,Gayamsari,Female
Denis,Simioni,111.8568586,37.2425649,Sanxi,Male
Mara,Mathivon,13.503977,59.379366,Karlstad,Female
Monti,Yansons,108.3102916,11.641927,Đưc Trọng,Male
Clarke,Korfmann,113.870916,34.068191,Zangzhai,Male
Ragnar,Ricci,97.030217,41.811711,Mazongshan,Male
Bordy,Sertin,45.61414,40.53971,Arıqıran,Bigender
Ralina,Pendred,32.5077211,48.652412,Subottsi,Female
Mic,Dursley,126.049702,44.988449,Fuyu,Male
Ranee,Hudd,107.0244171,-6.6769374,Batulawang,Female
Karney,Schlagh,18.3838669,52.322296,Licheń Stary,Male
Peggi,Idill,112.964446,22.765392,Heshan,Female
Lanie,Rojel,23.6062185,53.0329376,Michałowo,Non-binary
Lars,Matsell,123.9899,-9.7172,Anoek,Male
Ilene,Dargavel,4.810107,44.1372925,Orange,Female
Lurette,Blachford,18.7059561,49.6579309,Třinec,Female
Franz,Gercke,138.574391,-34.990888,Adelaide Mail Centre,Male
Shae,Risman,118.439554,26.09765,Kuidou,Female
Krisha,Bernardos,107.4765594,-6.7146375,Nangewer,Male
Alfreda,Upjohn,12.3521148,-6.1410265,Soio,Agender
Garwood,Jaan,19.1612478,-15.1632458,Cuito,Male
Giffer,Whillock,-4.8015285,34.5403537,Galaz,Male
Loraine,Hudghton,15.100286,52.0463222,Krosno Odrzańskie,Female
Carlynn,Diggons,13.7889869,45.6472323,Trieste,Female
Corry,Bray,48.7542899,-14.5460011,Bealanana,Female
Hew,Dowgill,121.265374,31.375869,Jiading,Male
Dianna,Czaja,-11.4779299,7.5048177,Potoru,Female
Rosetta,Winchcomb,113.256439,23.199183,Xinshi,Bigender
Patric,Shiers,108.1873407,-7.2894986,Sukamaju Kidul,Male
Carine,Sidle,-6.1011147,53.2000455,Foxrock,Female
Modesty,Treeby,112.132488,34.728584,Xin’an,Female
Rock,Bescoby,13.4915324,49.7923299,Chrást,Male
Blakeley,Simpson,19.4663903,52.5462706,Nowy Duninów,Female
Madelina,Vickarman,120.753163,30.760008,Zicheng,Female
Ermina,Barhem,121.0036417,14.5806413,Santa Maria,Female
Misty,Blooman,21.4487053,45.1652963,Gudurica,Female
Lennard,Cretney,-78.9387241,36.0038131,Durham,Male
Rickie,Hurren,107.904186,22.635012,Fushui,Female
Padraic,Pestell,33.9366442,47.1634031,Velyka Lepetykha,Genderqueer
Joanna,Dragge,39.6794042,56.5005833,Yur’yev-Pol’skiy,Female
Teresina,Jaan,116.2895173,-8.6837074,Praya,Female
Melba,Masterson,5.3087356,60.4605793,Ulset,Female
Bella,Sidney,104.195397,35.86166,Suchen,Female
Dimitri,Sprackling,98.3459726,7.9122744,Ban Talat Yai,Male
Coop,Folomin,103.5089907,0.0090686,Khairiahmandah,Male
Guthrie,Petrussi,35.188236,31.689957,Arţās,Male
Jillian,De Souza,38.4878774,48.9481767,Syevyerodonets’k,Female
Sybilla,Trodden,16.5529921,68.787629,Harstad,Genderqueer
Forster,Bucknill,119.3978597,11.160632,El Nido,Polygender
Doralyn,Vasilchikov,33.4607744,-19.1054879,Chimoio,Female
Brion,Plet,127.7583123,26.2664534,Ginowan,Male
Selby,Vairow,-9.2688282,38.7122242,Murganhal,Male
Ly,Paintain,44.1910066,15.3694451,Şanā’,Male
Joey,Shama,22.4761571,49.8180882,Babice,Female
Viki,Betun,21.8957589,43.3209022,Niš,Female
Codi,Scola,103.552514,29.265836,Gongping,Female
Calli,Dizlie,-5.9885456,37.439299,Sevilla,Female
Nealson,Greenslade,-75.3149796,-11.9187621,Concepción,Male
Rafaello,Esherwood,32.8998293,24.088938,Aswan,Male
Nikaniki,Helsby,116.649432,39.903307,Beiyuan,Female
Phil,Santorini,18.4344355,51.6515663,Błaszki,Female
Christan,Cater,-13.0645021,8.3266095,Waterloo,Female
Lynnelle,Tames,-84.138109,10.391584,La Virgen,Female
Yorgo,Woloschin,121.0038631,14.593975,Pandasan,Male
Natalina,Alelsandrowicz,15.9570211,52.3738553,Miedzichowo,Female
Allyn,Hay,108.8818859,-7.347756,Mandala,Male
Retha,Welbourn,-8.7269577,39.0614002,Marinhais,Female
Bert,McGaraghan,23.2638837,61.7016711,Viljakkala,Male
Silvia,Ledur,106.7714,-6.956164,Cimanggu,Female
Rance,Butts,-58.6162188,-34.6672811,Lanús,Male
Morna,Schankelborg,125.323544,43.817071,Changcun,Female
Trudie,Wroth,103.0472164,16.6036472,Kranuan,Female
Ernesta,Simonetti,121.0317737,14.565668,San Juan,Female
Peri,Scartifield,-81.1,-4.683333,La Breita,Female
Bronnie,Howsego,107.971826,21.547821,Dongxin,Male
Mikol,Moughton,99.1013498,16.8047297,Tak,Genderqueer
Cecil,Doyle,-6.1406578,53.2886387,Oughterard,Male
Addison,Tuff,11.9042745,57.6581105,Västra Frölunda,Male
Kirstin,Behan,113.264385,23.12911,Guazhou,Female
Foster,Luca,31.1710389,-14.1700712,Nyimba,Male
Osmond,Pensom,20.0926064,49.6076079,Niedźwiedź,Male
Pierce,Elderton,22.22946,-10.7072554,Luau,Male
Marleah,Molder,99.195529,17.6143085,Thoen,Female
Mae,Mousdall,25.7590674,50.4009139,Dubno,Female
Dewain,Daniello,116.420098,25.049518,Shanghang,Male
Donall,Curner,65.9214676,39.9225394,Oqtosh,Male
Reece,Suarez,23.7946578,38.0625172,Péfki,Male
Bo,Routhorn,105.8180306,21.0811211,Tây Hồ,Male
Marcello,Marzele,144.9630576,-37.8136276,Melbourne,Male
Grier,Ardy,-41.6809724,-3.971033,Piracuruca,Female
Bradly,Peter,-60.657848,-32.966145,Gobernador Gálvez,Male
Florrie,Carmody,119.410103,35.995654,Zhukeng,Female
Robbyn,Vannoni,108.832917,33.988179,Shuibian,Female
Merv,Macieiczyk,91.5523435,27.3325014,Trashigang,Male
Honor,Bonnick,137.9553704,36.9207067,Itoigawa,Female
Vlad,Roddan,-6.6745042,7.9601788,Séguéla,Male
Shelli,Meenehan,124.454363,6.83249,Ampatuan,Female
Anatole,Jolliff,33.0697214,48.2046068,Kirove,Male
Ramsey,Caldaro,41.7374739,43.4265165,Teberda,Male
Alasteir,Gobel,122.0324423,6.4361438,Sumisip,Male
Evelin,Wintour,116.762907,28.976995,Sanmiaoqian,Male
Anneliese,Povey,24.7570093,56.2039328,Birzai,Female
Lem,Dear,4.3399875,51.9998397,Delft,Male
Joshia,Ashbrook,18.0873579,59.3043475,Stockholm,Male
Art,Pardi,10.7140212,59.9112915,Oslo,Male
Alexine,Joanic,7.1036396,13.5009779,Maradi,Female
Ruddie,Brill,123.2468727,9.364014,Balugo,Male
Dalton,Snarie,102.990108,32.061895,Heishui,Male
Filberto,Bachelor,-67.4686475,-45.8405005,Comodoro Rivadavia,Male
Gisela,Stango,111.4156647,-7.4873219,Geneng,Female
Milka,Delnevo,102.7479899,-1.5117336,Sungaibengkal,Female
Miriam,Askem,98.993616,27.874615,Gubu,Female
Melania,Gravey,-11.9041439,7.8910267,Bumpe,Female
Heall,Tytherton,19.7859556,42.7362477,Andrijevica,Male
Koren,Wallman,89.8130356,22.0952234,Sarankhola,Female
Rhiamon,Grigore,-72.4909026,42.1144473,Springfield,Female
Lina,Radage,118.268101,31.219568,Sanshandao,Female
Johnathan,Sprull,111.759598,-7.221562,Tengger,Male
Zitella,Frogley,9.6038586,9.9739491,Bununu Kasa,Female
Kirk,Donwell,-8.3742728,41.9867326,Lavandeira,Male
Britteny,Do,112.132488,34.728584,Xin’an,Genderfluid
Ingrim,Chapleo,106.7470536,21.081585,Thành Phố Uông Bí,Male
Rudd,Gurys,35.9510312,31.700896,Al Jīzah,Male
Pincus,Have,41.1600688,45.4885295,Novoaleksandrovsk,Male
Obie,Norton,-77.1449212,-10.0745443,Aquia,Male
Frankie,Frickey,33.4966152,51.8757044,Shostka,Female
Annmaria,Millmoe,46.6340372,53.0801709,Vyselki,Female
Hendrik,MacDuff,51.227402,55.064236,Novosheshminsk,Male
Hogan,Allsup,-9.1663731,29.7755232,Tanalt,Male
Rochelle,Tague,111.4156647,-7.4873219,Geneng,Female
Hermione,Stockow,33.6422932,-9.2263237,Katumba,Female
Stanley,McCurrie,111.885002,-6.898384,Sumberan,Male
Gunther,Elliott,108.117456,34.326903,Wugong,Male
Glen,Hucquart,111.012335,31.306915,Huchang,Female
Diannne,Blakeborough,-8.5463483,40.5753726,Carregal,Female
Vaughn,Barosch,-78.1792434,8.2853585,La Palma,Male
Mic,Bentham3,74.6769056,32.4748152,Zafarwāl,Male
Chilton,Cuckson,53.0211497,51.1749425,Aqsay,Male
Paulie,Grishakin,94.9998807,50.6000912,Samagaltay,Male
Onofredo,Jakab,117.26062,39.472976,Sigaozhuang,Male
Constancy,O' Sullivan,40.2019954,61.6614104,Nyandoma,Female
Mirabella,Skeel,11.8784699,57.6670364,Västra Frölunda,Female
Bud,Havard,17.306927,62.390811,Sundsvall,Male
Viole,Nuttey,33.5027704,53.6911177,Dubrovka,Female
Mar,Rossborough,43.2968632,-11.4260053,Douniani,Male
Brannon,Brolan,111.4535119,29.8812968,Huolianpo,Male
Sammy,Duly,108.906994,34.158997,Chang’an,Female
Cris,Petticrow,102.496025,15.226768,Phimai,Male
Egan,Scampion,16.4401504,59.4005705,Eskilstuna,Male
Farrand,O' Molan,106.4729811,-6.9467616,Karangpapak,Female
Hamid,Garlant,121.315718,31.058765,Xinqiao,Male
Sarita,Yakebovich,121.324372,13.974293,Lalig,Female
Lonnie,Sealove,22.8753674,40.9937071,Kilkís,Male
Haley,Benfield,-39.0653656,-16.4443537,Porto Seguro,Male
Homere,O' Kelleher,113.641688,28.168791,Guankou,Male
Rustie,Banasik,40.529246,-2.5265605,Kipini,Male
Emile,Abbati,103.7752634,-3.9131671,Tanjungagung,Male
Phillipe,Reeveley,27.225321,-22.6700589,Letsheng,Male
Karoly,Groombridge,2.233089,48.892701,Paris La Défense,Female
Francisco,Dunsmore,3.1244315,50.6140977,Villeneuve-d'Ascq,Male
Coral,Adney,27.96979,27.0568,Qaşr al Farāfirah,Female
Tiertza,Swanger,25.8438146,65.0344464,Kiiminki,Female
Aeriela,Attawell,36.0579603,45.3083461,Novomykolayivka,Female
Cal,Humbert,-16.8502879,32.679852,Camacha,Female
Manda,Martinyuk,-77.1708039,-9.3483845,Huari,Female
Shannah,Tees,116.55989,28.053959,Chenfangji,Female
Thorstein,Sclanders,95.9647536,4.315132,Drien Rampak,Male
Kin,Coddrington,37.4974776,35.7819637,Khanāşir,Male
Malinde,Master,-8.296808,40.432725,Gândara,Female
Henryetta,Elcoat,116.986503,35.580996,Qufu,Female
Albina,Lamonby,114.514893,38.042805,Shijiazhuang,Female
Luci,Dabourne,67.8927472,38.2764328,Denov,Female
Lothario,Haycraft,22.6698436,40.7996662,Próchoma,Male
Pietrek,Monni,83.628303,46.524673,Emin,Male
Hersch,Cowely,-70.04363,-17.28891,Chuquitira,Male
Colman,Myall,18.188717,49.7219212,Stará Ves nad Ondřejnicí,Male
Worden,Denyer,69.9371673,33.3338472,Khōst,Male
Hersh,Gouldbourn,38.9712949,45.2379183,Novotitarovskaya,Male
Bria,Culross,109.735661,26.887238,Huitong,Genderfluid
Isidoro,McKechnie,2.074954,49.039076,Cergy-Pontoise,Male
Kyle,De Mars,38.9897424,51.7256101,Semiluki,Male
Marylou,Bawles,20.4659289,50.8816379,Piekoszów,Polygender
Isidro,Morbey,-77.8724575,-9.0166555,Huata,Male
Reinaldos,Ranstead,-65.3301049,-10.789321,Guajará Mirim,Male
Kiel,Broxholme,119.8779987,-0.9002915,Palu,Male
Liesa,Millmore,19.5266606,43.5827565,Priboj,Female
Eleni,Andryushchenko,-84.0943743,9.8586845,Aserrí,Polygender
Iago,Oxe,17.8595342,44.6063199,Teslić,Male
Bradly,Khrishtafovich,-75.9695465,23.6192598,George Town,Male
Bobette,Canet,128.5005419,35.8037979,Hwawŏn,Female
Cy,Bagnall,34.0140113,34.9922836,Ayia Napa,Male
Quinlan,Kuzemka,112.938814,28.228209,Gangsha,Male
Farlay,Entres,110.9655659,-7.6095457,Tegalgede,Male
Ag,Gniewosz,110.8072159,-7.6184408,Krajan Langenharjo,Female
Adore,Jindra,-88.0350859,15.5724296,Armenta,Female
Augustin,McDuff,99.9688636,1.6699249,Langgapayung,Male
Tiffany,Spinelli,24.8715019,43.4650355,Slavyanovo,Female
Dulcinea,Geaves,-77.0091334,38.8993417,Washington,Female
Michell,Garthland,40.3074973,44.6734042,Kuzhorskaya,Genderfluid
Della,Hards,5.3707209,43.4914335,Aix-en-Provence,Female
Orlando,Rapier,22.0444933,37.1560675,Arfará,Male
Kennedy,Abbys,13.1134915,14.2553505,Nguigmi,Male
Doralia,Ickowicz,110.615261,30.962471,Shazhenxi,Female
Jessie,MacCafferty,42.2003001,55.5292,Navashino,Male
Hortense,de Mullett,114.908822,38.174362,Donghoufang,Female
Warde,Dunford,47.1378909,40.3706555,Barda,Male
Philippine,Rosenfelt,-80.5494007,43.4714875,Waterloo,Bigender
Ericka,Francillo,-119.73568,49.76647,Peachland,Female
Rosy,Titchen,16.6227158,49.3564315,Hořice,Bigender
Oberon,Mattheis,126.668787,45.75997,Nangang,Male
Grannie,McCamish,113.529424,23.632671,Zuocun,Male
Rosalinde,Cund,138.574391,-34.990888,Adelaide Mail Centre,Female
Duncan,Vasyunichev,16.5992505,43.1839958,Stari Grad,Male
Rickert,Bugden,130.633035,46.774511,Simajia,Genderfluid
Rodrigo,Beeres,-0.445788,52.913784,Newton,Male
Crawford,Melrose,-77.6478852,-9.2247779,Amashca,Male
Terri,Drewell,110.7880536,-6.8243672,Krajan Karanganyar,Male
Ardyth,Sieur,34.9594447,57.8991434,Udomlya,Female
Anna-diane,Legg,38.60174,48.392,Bayrachky,Female
Jarred,Rappoport,11.9704401,57.6938555,Göteborg,Male
Ludovico,Raoul,-86.7994359,13.439615,San Marcos de Colón,Male
Dre,Wilcott,29.4397153,48.9957904,Dashev,Female
Hadrian,Featley,112.7554346,-7.3808411,Sedatiagung,Male
Ignace,Chatell,30.903976,50.2227764,Voronkov,Male
Dinny,Santo,111.5587544,-6.85247,Sale,Female
Bank,Shelton,-101.1850967,19.7267712,La Soledad,Male
Dulcie,Hallgarth,3.5898423,51.5101547,Middelburg,Female
Freeman,Baszniak,113.916509,22.483182,Chakou,Male
Cathee,Gibbon,100.218695,26.908404,Guanfang,Female
Donica,Thomel,-16.9417632,32.6480275,Funchal,Female
Klemens,Di Filippo,33.2473218,46.7523145,Dnipryany,Male
Vasily,Philippson,139.7492367,35.9227705,Saitama,Male
Ahmad,Antrag,116.948961,35.32608,Tangcun,Male
Blondelle,Philpotts,46.632565,42.99082,Burtunay,Female
Annadiane,Middlemist,16.6477552,49.3648502,Blansko,Female
Rycca,Farreil,37.518127,55.823907,Rassvet,Female
Letta,Sharply,123.8713527,9.683402,Kabankalan,Female
Stephanus,Moline,17.4588131,-20.5907049,Okakarara,Male
Welby,Olorenshaw,115.1348,-8.4849,Wanasari Baleran,Male
Cart,Carroll,16.3268491,46.8289256,Hodoš,Agender
Laverna,Bohlsen,-9.3200883,39.0284006,Freiria,Female
Alva,Lavender,-7.4060306,31.4374773,Zerkten,Male
Hermy,Trewartha,121.3167785,14.1501831,Calauan,Male
Buck,Cobon,46.9368047,34.7955755,Kāmyārān,Genderqueer
Jose,De la Yglesias,111.380014,29.584292,Shimen,Male
Ricca,Scotson,113.4145,-8.3307,Menampukrajan,Female
Sascha,Pallent,20.526623,41.523117,Debar,Female
Waylin,Sepey,18.7940562,43.690835,Kovači,Male
Thacher,Erskine,123.7396635,13.1789151,Pawa,Male
Flemming,Titchard,139.4415168,-4.1710664,Tohong,Male
Molli,Rowet,31.6956705,26.5590737,Sohag,Female
Elianore,Carnaman,123.7090708,13.3881323,Balading,Female
Elinore,Finnes,-71.3906234,-33.0516935,Villa Alemana,Female
Kermit,Worswick,103.604946,16.1393157,Changhan,Male
Demetre,Choffin,113.143441,23.028956,Nanhai,Male
Marge,Lauthian,80.0161127,9.665692,Jaffna,Female
Jacquie,MacUchadair,27.5393261,53.905048,Vishow,Female
Suellen,Laxtonne,-118.153228,33.9930471,Los Angeles,Female
Chaim,Coaker,113.217268,22.149009,Haibeitou,Agender
Vance,Ovendale,32.0733109,1.699532,Masindi Port,Male
Lonna,Hagger,110.770203,44.730869,Örgön,Female
Maryl,Regi,16.1355432,46.6488132,Černelavci,Female
Geoffry,Beese,124.4318122,9.9213559,Cabatang,Male
Salome,Epdell,114.8864193,-8.2735418,Pangkungparuk,Female
Papagena,Trimme,18.2903712,51.1644956,Łubnice,Female
Aldrich,Silcox,112.284638,23.350767,Hetai,Male
Gill,Croce,115.496651,39.437477,Xinmatou,Female
Harcourt,Rylstone,12.1646899,57.6890848,Partille,Male
Marta,Duley,-8.1722002,54.3051891,Manorhamilton,Polygender
Sascha,Ferran,121.0657914,14.7040326,Maibu,Female
Harrie,Mayo,-41.6385979,-20.3483832,Irupi,Female
Athene,McMylor,31.9416226,-26.4417804,Siteki,Female
Lanie,Losano,2.2289339,48.8706152,Suresnes,Agender
Tore,Mundwell,-4.8015285,34.5403537,Galaz,Male
Hermon,Teggart,-81.05,-4.233333,Tunal,Male
Bree,Puttnam,-51.6639768,-23.2400211,Astorga,Female
Baxy,Coxwell,120.216667,-9.833333,Laau,Male
Jeromy,Algore,-3.8847449,57.5842033,Newton,Male
Jermaine,Pulver,-76.9931074,-0.4616728,Puerto Francisco de Orellana,Female
Cheri,MacGray,113.59762,24.810879,Shaoguan,Female
Cindi,Saich,17.3742925,46.294568,Pápa,Female
Peg,Trinke,110.176918,29.654069,Sifangxi,Female
Abbe,Giacobo,67.0211404,34.387974,Panjāb,Male
Kaleena,Girkins,121.486094,13.9008751,Guisguis,Female
Culley,Beckingham,111.970514,28.906106,Hanshou,Male
Catie,Toffolo,-87.3314264,14.1899344,Támara,Female
Sonnie,Nockles,31.9416226,-26.4417804,Siteki,Male
Xaviera,Verlander,-59.6144819,13.0968511,Bridgetown,Female
Rycca,Attrey,22.0608204,49.5730119,Nowosielce-Gniewosz,Female
Jonathon,O'Dunniom,109.24473,24.651518,Liucheng,Male
Daron,Lau,110.011238,25.797931,Longsheng,Genderfluid
Roch,Bascomb,-99.185752,23.7173024,La Esperanza,Female
Tedman,Scarfe,81.239566,43.591386,Jagistay,Male
Dulce,Farre,-93.3873133,45.0725651,Brooklyn,Female
Sylvia,Scohier,72.8993193,49.5743316,Karabas,Female
Berkeley,Hailes,123.9181504,9.9241833,Matabao,Genderfluid
Quincey,Streat,106.93038,30.334768,Linshui,Male
Dewitt,Lomansey,112.6764786,-7.3434492,Warugunung,Male
Barry,Docket,121.52229,29.56492,Chunhu,Female
Marissa,Turbard,-121.49,38.58,Sacramento,Female
Susanne,Helgass,108.3979331,-7.6557879,Bunisari,Female
Frazier,Chapman,22.4665446,41.634449,Радовиш,Male
Therine,Davana,107.5168417,-7.025171,Rawa Satu,Female
Otis,Dugdale,18.2637328,59.2916062,Saltsjöbaden,Male
Brent,Guiu,104.980581,26.497669,Hujiaying,Male
Bonnibelle,Garret,-85.7,38.2,Louisville,Female
Kelli,Allsopp,113.6216667,22.7694444,Zhujiang,Female
Maitilde,Lambal,121.1472247,15.5700166,Sagana,Female
Shelby,Etheredge,15.8691305,49.4744879,Bohdalov,Male
Arvy,Flippelli,-8.5425485,41.3176391,Lemende,Bigender
Cristobal,Falkingham,118.616207,-8.4183633,Manggekompo,Male
Amii,Torrisi,-99.1497664,19.4458447,Buenavista,Genderfluid
Fayette,Earles,120.966168,14.603928,Divisoria,Female
Aeriel,Haldane,-8.4162288,40.9121933,Souto da Costa,Female
Lurline,Kleynermans,-74.915036,10.796589,Baranoa,Polygender
Mariellen,Satterthwaite,126.065213,9.939624,San Isidro,Female
Eric,Rochford,6.0744284,49.6638396,Kopstal,Male
Iorgos,McSkin,112.836668,23.063746,Baini,Male
Symon,Wimp,112.418648,23.786544,Kengkou,Male
Royal,Deporte,-6.3025448,53.6920618,Piltown,Male
Timoteo,While,134.05592,-0.8433489,Masu,Male
Job,Enright,108.5522531,-6.7533085,Harjamukti,Male
Ediva,Pembery,16.40677,49.9747505,Ústí nad Orlicí,Female
Brynne,Crighten,-110.7200371,54.2681766,Bonnyville,Agender
Paige,Pacey,-62.7250402,17.3239734,Monkey Hill,Male
Sonnie,Newbigging,26.9970153,-16.8054223,Choma,Male
Vikki,Riccardelli,-96.7099999,43.6,Sioux Falls,Female
Bette,MacKey,106.8473377,-6.6111441,Sukaraja,Female
Harman,Rentz,2.1504611,43.9277535,Albi,Male
Gerrie,Ficken,120.556005,31.875572,Zhangjiafang,Female
Jacquie,Lathee,109.1850317,-7.6179234,Mernek,Female
Job,Ingold,-48.108265,-24.7300224,Cajati,Male
Lew,Trendle,-86.355797,14.11684,Quebrada Larga,Male
Mureil,Flaune,58.7774287,35.0144726,Feyẕābād,Genderqueer
Hendrick,Kerbler,-8.8183159,41.8401694,Souto,Male
Rollo,Ketts,-45.4447859,-19.157438,Abaeté,Male
Latashia,Roderick,120.749727,41.107107,Nanpiao,Female
Kordula,Beddin,-6.1544115,53.4855448,Donabate,Female
Laural,Soda,20.36972,42.71194,Dubova (Driloni),Female
Stefano,Di Lucia,109.963338,39.822507,Dongsheng,Male
Billie,Richardot,-117.3028803,33.192168,Oceanside,Male
Murdoch,Wannan,128.3176776,38.6675581,Kosong,Male
Nevin,Vokes,120.960515,23.69781,Dahewan,Male
Davita,Saurat,15.7292196,60.3641945,Säter,Genderfluid
Nappy,Van Brug,111.4514369,-8.0888877,Ngrayun,Male
Dacy,Dulake,125.0332235,11.0537247,Tolosa,Female
Milo,Hasty,114.872199,30.453667,Huanggang,Male
Dulcea,Eland,116.157387,23.759956,Tangxi,Female
Hana,Boissier,-50.3842316,-25.8681839,São Mateus do Sul,Non-binary
Swen,Danser,113.9564,-7.0353,Gersikputih Tengah,Male
Dionis,McJarrow,106.7716045,26.547864,Jichang,Non-binary
Jayme,Pomphrey,6.1338438,49.6769375,Müllendorf,Male
Monti,Mathias,119.6441,-9.6161,Pretana,Male
Kaye,Drain,20.0598549,39.7271767,Xarrë,Female
Ana,Fellenor,112.305145,22.183206,Yangping,Female
Almeda,Sivil,113.3138804,23.2196922,Yihe,Female
Sandy,O'Suaird,-4.4854059,48.3909721,Brest,Male
Michaelina,Worshall,-9.2923083,38.7004586,Paço de Arcos,Non-binary
Meta,Carff,-35.5876697,-7.0787824,Alagoa Grande,Female
Norby,Maddin,20.3121225,63.8105554,Umeå,Male
Jerry,Callway,117.227219,31.820591,Hefu,Female
Boothe,Hancke,19.3158581,49.8541052,Roczyny,Male
Lina,Torricina,21.4126837,12.225759,Goz Beïda,Female
Willie,Dicey,124.635164,8.4937903,Pinoma,Non-binary
Jeromy,Krelle,48.8833546,63.4529778,Koslan,Male
Marielle,Heustice,116.4606871,39.9226132,Hujia,Female
Chryste,Royle,-102.1943485,17.9567646,Lazaro Cardenas,Female
Dosi,Fawlks,-79.8442978,-6.7765974,Chiclayo,Female
Kessia,Gooderham,1.3443099,51.195454,Sutton,Female
Elsi,Tyrie,21.242165,64.6789618,Skelleftehamn,Female
Ev,Demaid,40.8140313,47.5155739,Semikarakorsk,Male
Forrest,Kieran,1.503894,43.555403,Toulouse,Male
Carlo,Gencke,124.5579,-9.6481,Biito,Male
Bendix,Benedict,-14.7695962,13.5336211,Georgetown,Male
Cesare,Pulbrook,121.231805,28.13593,Yuhuang,Male
Bartel,York,124.1609842,12.0457956,Tagapul-an,Polygender
Torrance,Buckbee,53.2099707,36.595457,Sūrak,Genderfluid
Allis,Hevey,-74.234611,5.523663,La Victoria,Female
Pavel,Kunkel,107.5886948,50.5927407,Bichura,Male
Gwendolen,Durning,-83.4056438,42.4643438,Farmington,Female
Keith,Lappine,120.489051,28.34343,Xunzhai,Male
Malva,Easter,60.8287334,56.6941681,Kedrovoye,Female
Darlleen,Pisculli,-6.8028472,61.9952327,Argir,Female
Jocelyne,Beddis,100.4746879,7.0086472,Hat Yai,Female
Norbert,Troak,119.569323,26.131056,Guantou,Male
Niall,Cleeve,14.7790457,53.7721333,Przybiernów,Bigender
Carleton,Binnie,36.8430918,53.4405231,Skuratovskiy,Male
Enid,Kennicott,-9.1143068,39.353118,A dos Negros,Non-binary
Andromache,Antoniewicz,28.7362455,50.1801755,Ozerne,Bigender
Bevin,Heaseman,124.3690673,9.6522451,Jagna,Male
Caryl,Yitzovicz,4.6072477,46.4830794,Massy,Male
Bobbye,Edelman,-8.339861,39.5530795,Fontaínhas,Female
Mona,Stokell,-45.928795,-22.250939,Pouso Alegre,Female
Blake,Keble,35.542659,32.970422,Rosh Pinna,Male
Davy,Penfold,112.4455374,-8.1392189,Ngreco,Male
Tara,Elster,123.8864493,10.3291793,Anopog,Female
Shelbi,Courtliff,119.1736353,-9.4852898,Weekombaka,Female
Gabey,Morse,-75.790511,9.039263,Cotorra,Genderfluid
Maryl,Alcorn,35.1624,31.95402,Az Zaytūnīyah,Polygender
Feliks,Lanning,20.0859109,41.5063062,Klos,Male
Gerrilee,Balden,114.322439,29.841438,Xianning,Female
Nestor,Life,-16.0757749,14.1652083,Kaolack,Male
Minda,Cotte,57.7289398,-20.2029069,Centre de Flacq,Female
Pamella,Claxton,12.0602512,57.779138,Angered,Female
Alecia,Dearnaly,110.632006,36.759507,Yonghe,Female
Brett,Ruskin,125.554433,9.329496,Bangonay,Female
Evangelina,Osgerby,24.9298029,60.7905791,Hausjärvi,Female
Melodie,Rout,119.85254,32.910459,Xinghua,Female
Barbette,Palfreman,121.241089,37.417116,Menlou,Female
Clywd,Jolliss,113.081508,22.579117,Jiangcun,Male
Brittney,Madgwich,18.0995725,59.3104563,Nacka,Female
Raquela,Dalinder,94.7518395,55.906648,Ural,Female
Shawn,Cagan,123.312382,9.5700231,Ginatilan,Male
Rachael,Sikora,101.7048008,2.9374756,Putrajaya,Female
Muriel,Dofty,-36.6150136,-9.2786495,Bom Conselho,Female
Berty,Knyvett,-77.4569804,-8.8228089,Pomabamba,Male
Nate,Grayland,112.7703313,-7.2541395,Ploso,Male
Jolee,Oughtright,121.724208,29.960349,Zhaobaoshan,Female
Milli,Boeter,30.8991338,28.8228403,Al Fashn,Female
Johnny,Scaysbrook,117.666466,39.315813,Renfengzhuang,Bigender
Solly,Chiverstone,122.1950483,7.5523354,Siraway,Male
Mirabel,Heazel,-60.7301511,11.1869803,Scarborough,Female
Vinny,Suggitt,111.6556388,-7.5450262,Krajan,Male
Gisele,Collicott,131.2449277,34.0753818,Fukuma,Female
Marge,Harsnep,28.3622933,-26.3448416,Vredendal,Female
Jill,Kynett,5.9475635,49.99754,Eschweiler,Female
Torr,Gansbuhler,114.397004,38.135288,Dahe,Male
Corbie,Tearny,109.75,46.9,Ulaan-Ereg,Male
Nerti,Flint,-70.8233213,19.7553444,Puerto Plata,Non-binary
Titus,Child,5.2985109,51.7211356,'s-Hertogenbosch,Male
Hildy,Perrin,-73.2116953,7.6488023,Cáchira,Female
Merralee,Albutt,121.9482983,10.5306091,Tobias Fornier,Female
Brody,McRavey,91.186911,23.46188,Comilla,Male
Cos,Ben,116.179599,39.989944,Maishi,Male
Glenine,Kalisz,-64.2278386,-31.4774881,El Arañado,Female
Adolf,Sprionghall,-72.9696779,5.2991829,Aquitania,Male
Eunice,Kaes,123.6819029,-10.2043297,Baumata,Female
Gale,Tiptaft,20.0427329,40.7316367,Roshnik,Female
Cherri,Assiter,-75.772917,2.449478,Paicol,Female
Ilka,Bissell,139.8016577,35.8387024,Sōka,Female
Sherwood,Murrock,118.522341,25.0605919,Dongda,Male
Joleen,Drew,107.6392892,-6.788236,Cikole,Female
Mayne,Fuentes,24.7062087,42.5043656,Khisarya,Male
Katha,De-Ville,-171.24675,-9.38516,Fale old settlement,Female
Merissa,Millar,104.011664,30.679359,Jinsha,Female
Arluene,Brilleman,-58.3326356,-34.7277137,Neuquén,Polygender
Eachelle,Keveren,18.0504041,49.6651197,Bartošovice,Female
Gabi,Beeswing,124.1255,-9.9544,Kuafeu,Male
Nara,Loker,12.3260421,57.8857887,Boden,Female
Kleon,Tatershall,113.580519,37.856971,Tangquan,Genderfluid
Birgitta,Germaine,-90.5873912,14.6377832,Mixco,Female
Anatola,Betteriss,121.0425592,14.6208802,Boston,Female
Stirling,Rush,111.4782661,-6.944465,Kawengan,Male
Hogan,Whatford,106.7175669,-6.3077057,Ciputat,Male
Kathy,Glendenning,-75.9579358,8.909013,Cereté,Agender
Sidoney,Boas,22.4212003,49.3696768,Polańczyk,Female
Currie,Geydon,-69.911527,18.467605,Santo Domingo,Male
Lolly,Tolle,20.3729893,51.7022968,Cielądz,Non-binary
Kurtis,Orry,1.3155028,47.594843,Blois,Male
Sarina,Jossum,58.0235821,65.371498,Synya,Female
Alica,Takkos,123.1654018,9.5138582,Lomboy,Female
Cara,Thebe,55.6720592,58.00284,Ust’-Kachka,Female
Casper,Christin,136.7827153,37.0657211,Komoro,Male
George,Tyler,21.6481861,-21.6960991,Ghanzi,Male
Joel,Stenners,-51.2003761,-29.0303854,Flores da Cunha,Male
Maggy,Scrane,1.9038837,43.0429124,Lyon,Female
Trent,Kincey,105.6984455,-5.7577862,Gayam,Male
Genna,Goodayle,35.08287,32.0671,Kafr ad Dīk,Female
Damiano,Donne,-70.4070779,18.9313146,La Romana,Male
Rafaelita,De Biasi,-84.1014639,9.9165452,San José,Female
Neddy,Armsby,6.9450818,52.2051033,Enschede,Male
Demetre,Finder,-81.6802054,27.9890156,Winter Haven,Male
Mohandis,Evenden,71.5263363,30.1631687,Vihāri,Male
Kahaleel,Finders,122.5333328,11.2666664,Da-an Sur,Male
Aliza,Kyncl,35.20184,32.4438,Kufayrit,Female
Madelina,Loachhead,49.0273549,40.8762849,Altıağac,Female
Andres,Bourrel,-7.5927209,41.0924488,Vale de Figueira,Male
Ginnifer,Macenzy,11.9323841,57.7230291,Göteborg,Female
Alfy,Gocher,1.967221,48.8179158,Plaisir,Male
Edouard,Hembery,111.502705,27.780089,Kuangshan,Agender
Sunny,Santino,-9.1700425,38.4620145,Quintinha,Female
Ree,Genner,-8.7338528,40.6180185,Gafanha da Encarnação,Female
Ranique,Koppeck,18.6057328,49.8545281,Zebrzydowice,Female
Ezechiel,Rosbotham,123.0326,-10.7731,Asamboka,Male
Kendra,Comelini,19.5985451,44.7783548,Štitar,Female
Gunther,Bannister,12.5174875,50.3237353,Kraslice,Male
Dorotea,Beloe,129.5688889,44.5241667,Hailang,Female
Domenic,Bolmann,105.7204476,21.4981346,Thị Trấn Phong Thổ,Male
Perceval,Gownge,16.2841,60.54595,Hofors,Male
Kym,Becaris,-79.8184684,-2.1596406,Eloy Alfaro,Female
Michel,Cardenas,2.789137,49.395599,Compiègne,Male
Sumner,Dobbing,111.8270486,-8.1553145,Pakel,Male
Renault,Harbin,17.60181,53.14214,Nakło nad Notecią,Male
Irma,Zanutti,101.0146187,1.5594449,Sedinginan,Female
Byram,Wallenger,-50.3675124,-23.1087262,Bandeirantes,Male
Averell,Volet,-1.5401497,47.2550409,Nantes,Male
Bruno,Clemanceau,123.9181504,9.9241833,Matabao,Male
Rosanne,Chancelier,-6.9994563,41.837381,Vinhais,Female
Susette,Giacomelli,-81.4828198,28.5107872,Orlando,Agender
Gray,Bomb,105.1960795,9.1526728,Cà Mau,Female
Devin,Housegoe,36.6234912,53.3687505,Spasskoye-Lutovinovo,Agender
Herbert,Crownshaw,-58.4973437,-34.5261401,La Francia,Male
Barthel,Peebles,108.7571263,-7.2964746,Jenang Selatan,Male
Vanessa,Alenshev,92.8882656,51.532126,Shagonar,Female
Fallon,Gager,27.2409361,-27.6817666,Kroonstad,Female
Elinore,Ancliffe,121.051001,14.7292218,Naguilian,Agender
Marcile,Rossoni,126.4371385,43.1520105,Jilin,Female
Willie,Caris,117.100087,39.138304,Bianzhuang,Female
Sonia,Ellerton,74.5697617,42.8746212,Bishkek,Female
Aloisia,Gingell,-13.9114989,17.0516148,Aleg,Genderfluid
Dagny,Penylton,140.8225484,38.5779674,Miyata,Polygender
Terrell,Janusz,116.9237911,39.0527074,Zengguang,Male
Wallie,Eadmead,61.4273838,54.8681775,Korkino,Male
Ann,Maidens,116.4134873,-8.4691756,Tetebatu,Female
Bobette,Simanenko,-72.696951,6.839006,Cerrito,Female
Erhart,Grafton-Herbert,106.834805,33.157445,Xinjiezi,Male
Tabbi,Skryne,10.727404,59.922175,Oslo,Female
Lusa,Diffley,109.0185719,-7.6772147,Karangtalun,Female
Lanna,MacCallister,-8.3684974,41.4023768,Serzedelo,Female
Nelson,Beechcraft,25.9231471,-2.9492205,Kindu,Male
Una,Thomsen,-8.0408995,41.118436,Lamas,Genderfluid
Andonis,Masson,117.007039,30.761853,Liantan,Male
Lara,Restill,138.0126666,34.7728913,Kakegawa,Female
Belia,Garret,120.026896,16.084073,Paitan,Female
Bernetta,Varcoe,19.6892266,40.2115069,Vranisht,Female
Cart,Tittershill,50.7951517,54.8493584,Vodstroy,Agender
Sloane,Longfellow,129.0756416,35.1795543,Puan,Male
Gerrie,Reisenberg,-72.769402,-15.14503,Alca,Male
Gae,Rosas,71.5263363,30.1631687,Vihāri,Female
Joela,Polly,116.4689261,39.9474817,Sanquan,Female
Sianna,Wadham,127.596645,41.949852,Manjiang,Female
Buffy,Showler,121.474042,30.917795,Fengxi,Female
Ravi,Goodbourn,18.0995725,59.3104563,Nacka,Male
Barbette,Minero,21.2099808,5.0378453,Alindao,Female
Eilis,Ruzek,120.9314495,14.3641338,Manila,Female
